Simple_Sentiment,Closed PnL
Fear,115.89598317552803
Greed,28.365887060255023
Neutral,28.88291284740827
