Simple_Sentiment,Size USD
Fear,5907.8107115804805
Greed,4361.050265022085
Neutral,2562.740780430984
